paper_id,field,old,new,reason
P01_LI_2021_CHIR1,wnt_inhibitor_type,IWP2,Wnt-C59,"Paper uses Wnt-C59 (PORCN inhibitor), p1 + p12 Methods; IWP2 never mentioned"
P01_LI_2021_CHIR1,wnt_inhibitor_days,D3-D5,D2-D4,Organoid protocol adds Wnt-C59 on day 2 for 48h (p12); D3-D5 is the monolayer-control timing
P01_LI_2021_CHIR1,platform_type,AggreWell_ULA96,ULA96,p12: round-bottom ultra-low attachment 96-well plates (Costar); not AggreWell brand
P01_LI_2021_CHIR1,beating_onset_day,6,6-10,"p1: beating as early as day 6, robust by day 10 (protocol-general, not measured per dose)"
P01_LI_2021_CHIR2,wnt_inhibitor_type,IWP2,Wnt-C59,"Paper uses Wnt-C59 (PORCN inhibitor), p1 + p12 Methods; IWP2 never mentioned"
P01_LI_2021_CHIR2,wnt_inhibitor_days,D3-D5,D2-D4,Organoid protocol adds Wnt-C59 on day 2 for 48h (p12); D3-D5 is the monolayer-control timing
P01_LI_2021_CHIR2,platform_type,AggreWell_ULA96,ULA96,p12: round-bottom ultra-low attachment 96-well plates (Costar); not AggreWell brand
P01_LI_2021_CHIR2,beating_onset_day,6,6-10,"p1: beating as early as day 6, robust by day 10 (protocol-general, not measured per dose)"
P01_LI_2021_CHIR4,wnt_inhibitor_type,IWP2,Wnt-C59,"Paper uses Wnt-C59 (PORCN inhibitor), p1 + p12 Methods; IWP2 never mentioned"
P01_LI_2021_CHIR4,wnt_inhibitor_days,D3-D5,D2-D4,Organoid protocol adds Wnt-C59 on day 2 for 48h (p12); D3-D5 is the monolayer-control timing
P01_LI_2021_CHIR4,platform_type,AggreWell_ULA96,ULA96,p12: round-bottom ultra-low attachment 96-well plates (Costar); not AggreWell brand
P01_LI_2021_CHIR4,beating_onset_day,6,6-10,"p1: beating as early as day 6, robust by day 10 (protocol-general, not measured per dose)"
P01_LI_2021_CHIR4,cm_fraction_pct,64.9,59,"64.9 = Fig 1d d0 dose-response (no epicardial pulse); with d7 pulse the composition is 59% CM (p11/Fig 3f), consistent with this arm WT1/CD31"
P01_LI_2021_CHIR4,wt1_fraction_pct,NR,16,Epicardial 16% from Fig 3f full composition (p11); moved here from CHIR6.6 and corrected 20->16 to match CM 59
P01_LI_2021_CHIR4,wt1_fraction_method,NR,IF_WT1_confocal,"WT1 quantified by confocal IF (Fig 1h/3), not flow"
P01_LI_2021_CHIR4,cd31_fraction_pct,NR,1.6,Endothelial 1.63% from Fig 3f (p11); moved here from CHIR6.6
P01_LI_2021_CHIR4,organoid_diameter_um,NR,~1500,Fig 5b control (CHIR-alone 4uM) ~1550um
P01_LI_2021_CHIR6.6,wnt_inhibitor_type,IWP2,Wnt-C59,"Paper uses Wnt-C59 (PORCN inhibitor), p1 + p12 Methods; IWP2 never mentioned"
P01_LI_2021_CHIR6.6,wnt_inhibitor_days,D3-D5,D2-D4,Organoid protocol adds Wnt-C59 on day 2 for 48h (p12); D3-D5 is the monolayer-control timing
P01_LI_2021_CHIR6.6,platform_type,AggreWell_ULA96,ULA96,p12: round-bottom ultra-low attachment 96-well plates (Costar); not AggreWell brand
P01_LI_2021_CHIR6.6,beating_onset_day,6,6-10,"p1: beating as early as day 6, robust by day 10 (protocol-general, not measured per dose)"
P01_LI_2021_CHIR6.6,cm_fraction_pct,59,12,59 was optimized-composition mis-attributed to 6.6uM; Fig 1d shows 6.6uM ~12% TNNT2+
P01_LI_2021_CHIR6.6,wt1_fraction_pct,20,NR,"WT1 20% belongs to the 4uM optimized protocol (moved to CHIR4), not the 6.6uM dose"
P01_LI_2021_CHIR6.6,wt1_fraction_method,flow,NR,value removed (moved to CHIR4); method was also wrong (confocal not flow)
P01_LI_2021_CHIR6.6,cd31_fraction_pct,1.6,NR,EC 1.6% belongs to the 4uM optimized composition (moved to CHIR4)
P01_LI_2021_CHIR6.6,organoid_diameter_um,~1000,NR,~1000 is not the 6.6uM value; diameter measured on the optimized/control organoid
P01_LI_2021_CHIR8,wnt_inhibitor_type,IWP2,Wnt-C59,"Paper uses Wnt-C59 (PORCN inhibitor), p1 + p12 Methods; IWP2 never mentioned"
P01_LI_2021_CHIR8,wnt_inhibitor_days,D3-D5,D2-D4,Organoid protocol adds Wnt-C59 on day 2 for 48h (p12); D3-D5 is the monolayer-control timing
P01_LI_2021_CHIR8,platform_type,AggreWell_ULA96,ULA96,p12: round-bottom ultra-low attachment 96-well plates (Costar); not AggreWell brand
P01_LI_2021_CHIR8,beating_onset_day,6,6-10,"p1: beating as early as day 6, robust by day 10 (protocol-general, not measured per dose)"
P01_LI_2021_CHIR8,cm_fraction_pct,5,2,Fig 1d 8uM ~2% TNNT2+ (and *p=0.02 vs 6.6uM confirms 8<6.6)
P01_LI_2021_BMP4AA,wnt_inhibitor_type,IWP2,Wnt-C59,"Paper uses Wnt-C59 (PORCN inhibitor), p1 + p12 Methods; IWP2 never mentioned"
P01_LI_2021_BMP4AA,wnt_inhibitor_days,D3-D5,D2-D4,Organoid protocol adds Wnt-C59 on day 2 for 48h (p12); D3-D5 is the monolayer-control timing
P01_LI_2021_BMP4AA,platform_type,AggreWell_ULA96,ULA96,p12: round-bottom ultra-low attachment 96-well plates (Costar); not AggreWell brand
P01_LI_2021_BMP4AA,beating_onset_day,6,6-10,"p1: beating as early as day 6, robust by day 10 (protocol-general, not measured per dose)"
P01_LI_2021_BMP4AA,chir_d0_um,6.6,4,BMP4+Activin A run in conjunction with 4uM CHIR99021 (p5)
P01_LI_2021_BMP4AA,wt1_fraction_method,flow,IF_WT1_confocal,"WT1 quantified by confocal IF (Fig 5a), not flow"
P01_LI_2021_BMP4AA,chamber_area_pct,70,NR,"Fig 5d value is % chambers interconnected, not chamber area (metric mislabel)"
P02_BR_2022_CM,platform_type,AggreWell_ULA96,AggreWell_to_ULA6,p14: AggreWell800 (formation) then 6-Well ULA (culture); not a 96-well
P02_BR_2022_PE,platform_type,AggreWell_ULA96,AggreWell_to_ULA6,p14: AggreWell800 (formation) then 6-Well ULA (culture); not a 96-well
P02_BR_2022_RA_only,platform_type,AggreWell_ULA96,AggreWell_to_ULA6,p14: AggreWell800 (formation) then 6-Well ULA (culture); not a 96-well
P02_BR_2022_RA_BMP4,platform_type,AggreWell_ULA96,AggreWell_to_ULA6,p14: AggreWell800 (formation) then 6-Well ULA (culture); not a 96-well
P02_BR_2022_EMO,platform_type,AggreWell_ULA96,AggreWell_to_ULA6,p14: AggreWell800 (formation) then 6-Well ULA (culture); not a 96-well
P02_BR_2022_VEGF,platform_type,AggreWell_ULA96,AggreWell_to_ULA6,p14: AggreWell800 (formation) then 6-Well ULA (culture); not a 96-well
P02_BR_2022_PE,base_media,RPMI+B27,RPMI+B27_to_DMEM/F12,p14: PE-lineage arms switch to DMEM/F12 after D7 (only CM stays RPMI+B27)
P02_BR_2022_RA_only,base_media,RPMI+B27,RPMI+B27_to_DMEM/F12,p14: PE-lineage arms switch to DMEM/F12 after D7 (only CM stays RPMI+B27)
P02_BR_2022_RA_BMP4,base_media,RPMI+B27,RPMI+B27_to_DMEM/F12,p14: PE-lineage arms switch to DMEM/F12 after D7 (only CM stays RPMI+B27)
P02_BR_2022_EMO,base_media,RPMI+B27,RPMI+B27_to_DMEM/F12,p14: PE-lineage arms switch to DMEM/F12 after D7 (only CM stays RPMI+B27)
P02_BR_2022_VEGF,base_media,RPMI+B27,RPMI+B27_to_DMEM/F12,p14: PE-lineage arms switch to DMEM/F12 after D7 (only CM stays RPMI+B27)
P02_BR_2022_CM,cd31_fraction_pct,2.1,NR,"p1: the 2.1% is the PE-differentiation baseline, not the CM protocol (mis-assigned)"
P02_BR_2022_CM,ec_marker,CD31,NR,follows cd31 removal (no CD31 value for CM arm)
P02_BR_2022_PE,cd31_fraction_pct,NR,2.1,p1: 2.1 +/-0.1% CD31+ at D11 in PE differentiation (baseline before VEGF) - reported value was missing
P02_BR_2022_PE,ec_marker,NR,CD31,p1: CD31+ endothelial-like cells in PE organoid
P02_BR_2022_VEGF,ra,no,yes,VEGF applied to PE differentiation which includes RA 4uM D5-D7 (p14); media string also lists +RA
P02_BR_2022_VEGF,ra_dose_um,NR,4,p14: 4 uM RA (inherited PE base)
P02_BR_2022_VEGF,ra_timing_days,NR,D5-D7,p14: from D5-D7 (inherited PE base)
P02_BR_2022_VEGF,cm_fraction_pct,NR,0,INFERRED: PE base abolishes cTnT+ CMs (p1); not measured for VEGF specifically
P02_BR_2022_VEGF,wt1_fraction_pct,NR,73.7,INFERRED: VEGF acted without compromising WT1 population (p1); not measured for VEGF specifically
P03_DR_2021,disease_perturbation,NKX2.5-KO,none,"Arm is the WILD-TYPE control HFO: 37.8% CM (scRNA, Fig 4) and ~4% CD31 (Fig 2) are all from HES3 NKX2.5-eGFP; the NKX2.5-KO is a separate Fig 5 experiment (KO CM content was NOT increased vs control). p2/p5/p6"
P03_DR_2021,beating_onset_day,8,7-10,"p2: ""Initiation of HFO contraction was typically observed on d7-d10"" (a range, not a single day)"
P03_DR_2021,geo_accession,GSE150051,GSE150202,GSE150051 is the microarray (KO-vs-control); the 37.8% CM comes from scRNA-seq = GSE150202 (p12)
P04_ER_2022_3D_D50,disease_perturbation,doxorubicin,none,"83.27% CM (Fig 2B) and 12.78% CD31 are the CONTROL/untreated 3D day-50 organoid; doxorubicin is a separate 6-day drug test (Fig 8C-E), not this arm. p3"
P04_ER_2022_3D_D50,organoid_diameter_um,~900,~1000,"p1: diameter 0.9mm at DAY 21, 1mm at day 42; ~900 was the day-21 value. At d50 it is ~1mm"
P05_GH_2023,disease_perturbation,mitoxantrone,none,"p1/p5: the arm values (beat 66 bpm, ~500um, 2-3 chambers) are the UNTREATED baseline organoid. Fig5 labels 66 bpm as ""Control (66 bpm)"" vs Amiodarone/Epinephrine; p5 ""untreated organoids acquire...66 +/- 5 bpm"". Mitoxantrone is a separate Fig7 10uM drug test (arrhythmia)."
P05_GH_2023,matrigel_embedding,no,yes,"p14: cells ""mixed in 100 ul of growth factor reduced Matrigel"" and gelled in the microwell - construct forms WITHIN the ECM matrix (cells-in-gel). Per working rule = yes (cf. P03 aggregate-in-droplet=yes; P01/P02/P04 free-floating on Matrigel-coated ULA=no). Verified NOT under mechanical load (no posts/stretch; microwell = passive geometric confinement) so stays model_class=coculture_assembly, NOT EHT. Comparability unchanged (=0, defined_input_ratio)."
P05_GH_2023,seeding_density_cells_per_well,None,~74800,"p14: 4.5e6 hiPSC-CM + 2.3e6 rat CEC = 6.8e6 cells in 100ul Matrigel, 1.1ul injected per microwell => 6.8e6*(1.1/100)=74,800 cells/well (COMPOSITE: ~49,500 CM + ~25,300 CEC, not CM-only). One microwell = one organoid."
P06_HO_2021_ctrl,chamber_formation,yes,no,"Hoang 2021 makes flat 2D micropatterned concentric discs (CMs in center, stromal cells at perimeter) - NO cavity/lumen/chamber. Summary: cardiomyocytes in the center surrounded by stromal cells. The ONLY chamber mention in the paper is a citation to Ma 2015 (self-organizing microchambers), a DIFFERENT paper by the same group. RA arm already =no."
P06_HO_2021_ctrl,cm_fraction_method,area_ratio,flow,"Fig 6 (Flow cytometry quantification of cardiac differentiation efficiency): ""Both organoids of 600um and 2D differentiation produced over 50% cells positive for cTnT (Fig 6A,B)""; ""50% cTnT+ cells from flow cytometry was consistent with the area ratio (~0.5, Fig 4B)"". n=5 batches/2 lines. The 50 is a real FLOW cell fraction, NOT area% only."
P06_HO_2021_RA_toxic,disease_perturbation,none,tretinoin,"RA arm IS a teratogen perturbation (was mislabeled none). p9: ""Tretinoin (all-trans-retinoic acid, category D retinoid) treatment completely abolished the cardiac differentiation"" -> cm=0, chamber=no. (Paper also tested isotretinoin/13-cis-RA; exact 1uM dose is from Table S1 supplement, not main text.)"
P11_HF_2021_CHIR4,cell_line,"WTC (hiPSC), H9 (hESC), H7 (hESC), IMBA 176/177/178 (hiPSC); plus WTC Allen Institute reporter lines (MYL7-GFP, TNNI1-GFP, MYH10-GFP, MYL2-GFP, TTN-GFP, ATP2A2-GFP, ACTB-GFP)","WTC (hiPSC); validated in H9 (hESC), H7 (hESC), IMBA 176/177/178 (hiPSC); plus WTC Allen Institute reporter lines (MYL7-GFP, TNNI1-GFP, MYH10-GFP, MYL2-GFP, TTN-GFP, ATP2A2-GFP, ACTB-GFP)","Flat list implied all lines were used for these arms. p3300: self-assembly was ""robust in the WTC hiPSC line... the widely used hESC lines H9 and H7, as well as in three hiPSC lines"" - WTC is the working line, the rest are validation. All 7 Allen reporters + H9/H7/176-1/177-8/178-5 confirmed in the Key Resources Table, p.e3."
P11_HF_2021_CHIR4,wnt_inhibitor_dose_um,2,5,"p.e5: ""IWP2 (5mM, Tocris, #3533)"". The PDF text layer renders u as m - same layer prints CHIR ""8mM and 4 mM for WTC cells"" (p.e6) where Fig 3C prints ""8 uM CHIR99021"", so mM == uM here. This is the only IWP2 dose in the paper; the 2 most likely came from Fig 3H ""2 uM CHIR99021"" (a WNT re-activation control) or from IWR-1 (1 uM)."
P11_HF_2021_CHIR4,wnt_inhibitor_days,D3-D5,D1.5-D5.5,"Fig 1A timeline (p3300): the ""Wnt inh."" bar starts exactly at the d1.5 tick and ends exactly at the d5.5 tick. p.e5: BFIIWPRa ""for 4 days"" after the 36-40h induction (1.5+4=5.5). Same window drawn in Fig 5F and 5A' (p3307). D3-D5 was a generic monolayer-protocol default."
P11_HF_2021_CHIR4,bmp4,no,yes,"Fig 1A BMP4 bar spans d0->d7.5; p.e5 BMP4 is in FLyABCH (induction), BFIIWPRa (cardiac mesoderm) and BFI (CM specification)."
P11_HF_2021_CHIR4,bmp4_dose_ngml,None,10,"p.e5: BMP4 (10 ng/ml, R&D Systems RD-314-BP-050), same dose at every stage."
P11_HF_2021_CHIR4,activin_a,no,yes,"Fig 1A Activin A bar (d0->d1.5, mesoderm induction only); p.e5 FLyABCH contains Activin A."
P11_HF_2021_CHIR4,activin_dose_ngml,None,50,"p.e5: ""Activin A (50 ng/ml)"". Fig 5F legend (p3308) states ""high activin [50 ng/mL]"" for the intermediate-WNT+VEGF arm. NOT stated per CHIR dose in Fig 3 - 50 is the protocol default; the optimized low-activin ventricular condition uses 4 ng/ml."
P11_HF_2021_CHIR4,ra,no,yes,Fig 1A Retinoic acid bar (d1.5->d5.5); p.e5 BFIIWPRa contains retinoic acid.
P11_HF_2021_CHIR4,ra_dose_um,None,0.5,"p.e5: ""retinoic acid (0.5 mM [=0.5 uM], Sigma Aldrich, #R2625) for 4 days"". Not stated per arm; the paper's optimized ventricular condition instead uses RA50 = 0.05 uM (Fig 1F/1H), so 0.5 is the default-protocol value."
P11_HF_2021_CHIR4,ra_timing_days,None,D1.5-D5.5,"Fig 1A: the RA bar is coincident with the Wnt-inh bar (d1.5->d5.5); p.e5 ""for 4 days"" after the 36-40h induction. RA and IWP2 are both in BFIIWPRa."
P11_HF_2021_CHIR4,seeding_density_cells_per_well,5000,2500,"Fig 3A carries a printed vertical label ""Starting cells: 2500"" (Fig 3D, the BMP-inhibition panel, is labeled 7500). p.e5 layered protocol: ""2500 hPSCs were seeded directly into ultra-low-attachment 96-well plates"". 5000 is the CM-only cardioid protocol of Figs 1-2; 7500 is the KO/BMP-inhibition experiments."
P11_HF_2021_CHIR4,collection_day,15,None,No day-15 timepoint exists in the paper. Every day token: d1.5 d2.5 d3.5 d5 d5.5 d7 d7.5 d8.5 d10 d14 d21 d27. Analysis day for these arms is d7.5 (Fig 3A imaging; Fig 5F/F' FACS); the diameter is a d3.5 cardiac-mesoderm measurement (Fig 3B). Left blank because one arm spans two analysis days - set to 7.5 if the schema needs a single value.
P11_HF_2021_CHIR4,beat_rate_method,calcium_imaging,video,"p.e7: ""videos were analyzed with a published algorithm (Huebsch et al., 2015) to determine contraction velocity and beating rate""; Fig S1H legend says the same. Fluo-4 calcium imaging produced transients/ISI only (Fig S1G). NB: no beat rate is reported for THESE arms - Fig S1H (~48 bpm 3D, ~44.5 bpm 2D) is the CM-only cardioid of Fig 1, so beat_rate_bpm stays blank and this records the paper method only."
P11_HF_2021_CHIR5,cell_line,"WTC (hiPSC), H9 (hESC), H7 (hESC), IMBA 176/177/178 (hiPSC); plus WTC Allen Institute reporter lines (MYL7-GFP, TNNI1-GFP, MYH10-GFP, MYL2-GFP, TTN-GFP, ATP2A2-GFP, ACTB-GFP)","WTC (hiPSC); validated in H9 (hESC), H7 (hESC), IMBA 176/177/178 (hiPSC); plus WTC Allen Institute reporter lines (MYL7-GFP, TNNI1-GFP, MYH10-GFP, MYL2-GFP, TTN-GFP, ATP2A2-GFP, ACTB-GFP)","Flat list implied all lines were used for these arms. p3300: self-assembly was ""robust in the WTC hiPSC line... the widely used hESC lines H9 and H7, as well as in three hiPSC lines"" - WTC is the working line, the rest are validation. All 7 Allen reporters + H9/H7/176-1/177-8/178-5 confirmed in the Key Resources Table, p.e3."
P11_HF_2021_CHIR5,wnt_inhibitor_dose_um,2,5,"p.e5: ""IWP2 (5mM, Tocris, #3533)"". The PDF text layer renders u as m - same layer prints CHIR ""8mM and 4 mM for WTC cells"" (p.e6) where Fig 3C prints ""8 uM CHIR99021"", so mM == uM here. This is the only IWP2 dose in the paper; the 2 most likely came from Fig 3H ""2 uM CHIR99021"" (a WNT re-activation control) or from IWR-1 (1 uM)."
P11_HF_2021_CHIR5,wnt_inhibitor_days,D3-D5,D1.5-D5.5,"Fig 1A timeline (p3300): the ""Wnt inh."" bar starts exactly at the d1.5 tick and ends exactly at the d5.5 tick. p.e5: BFIIWPRa ""for 4 days"" after the 36-40h induction (1.5+4=5.5). Same window drawn in Fig 5F and 5A' (p3307). D3-D5 was a generic monolayer-protocol default."
P11_HF_2021_CHIR5,bmp4,no,yes,"Fig 1A BMP4 bar spans d0->d7.5; p.e5 BMP4 is in FLyABCH (induction), BFIIWPRa (cardiac mesoderm) and BFI (CM specification)."
P11_HF_2021_CHIR5,bmp4_dose_ngml,None,10,"p.e5: BMP4 (10 ng/ml, R&D Systems RD-314-BP-050), same dose at every stage."
P11_HF_2021_CHIR5,activin_a,no,yes,"Fig 1A Activin A bar (d0->d1.5, mesoderm induction only); p.e5 FLyABCH contains Activin A."
P11_HF_2021_CHIR5,activin_dose_ngml,None,50,"p.e5: ""Activin A (50 ng/ml)"". Fig 5F legend (p3308) states ""high activin [50 ng/mL]"" for the intermediate-WNT+VEGF arm. NOT stated per CHIR dose in Fig 3 - 50 is the protocol default; the optimized low-activin ventricular condition uses 4 ng/ml."
P11_HF_2021_CHIR5,ra,no,yes,Fig 1A Retinoic acid bar (d1.5->d5.5); p.e5 BFIIWPRa contains retinoic acid.
P11_HF_2021_CHIR5,ra_dose_um,None,0.5,"p.e5: ""retinoic acid (0.5 mM [=0.5 uM], Sigma Aldrich, #R2625) for 4 days"". Not stated per arm; the paper's optimized ventricular condition instead uses RA50 = 0.05 uM (Fig 1F/1H), so 0.5 is the default-protocol value."
P11_HF_2021_CHIR5,ra_timing_days,None,D1.5-D5.5,"Fig 1A: the RA bar is coincident with the Wnt-inh bar (d1.5->d5.5); p.e5 ""for 4 days"" after the 36-40h induction. RA and IWP2 are both in BFIIWPRa."
P11_HF_2021_CHIR5,seeding_density_cells_per_well,5000,2500,"Fig 3A carries a printed vertical label ""Starting cells: 2500"" (Fig 3D, the BMP-inhibition panel, is labeled 7500). p.e5 layered protocol: ""2500 hPSCs were seeded directly into ultra-low-attachment 96-well plates"". 5000 is the CM-only cardioid protocol of Figs 1-2; 7500 is the KO/BMP-inhibition experiments."
P11_HF_2021_CHIR5,collection_day,15,None,No day-15 timepoint exists in the paper. Every day token: d1.5 d2.5 d3.5 d5 d5.5 d7 d7.5 d8.5 d10 d14 d21 d27. Analysis day for these arms is d7.5 (Fig 3A imaging; Fig 5F/F' FACS); the diameter is a d3.5 cardiac-mesoderm measurement (Fig 3B). Left blank because one arm spans two analysis days - set to 7.5 if the schema needs a single value.
P11_HF_2021_CHIR5,beat_rate_method,calcium_imaging,video,"p.e7: ""videos were analyzed with a published algorithm (Huebsch et al., 2015) to determine contraction velocity and beating rate""; Fig S1H legend says the same. Fluo-4 calcium imaging produced transients/ISI only (Fig S1G). NB: no beat rate is reported for THESE arms - Fig S1H (~48 bpm 3D, ~44.5 bpm 2D) is the CM-only cardioid of Fig 1, so beat_rate_bpm stays blank and this records the paper method only."
P11_HF_2021_CHIR6,cell_line,"WTC (hiPSC), H9 (hESC), H7 (hESC), IMBA 176/177/178 (hiPSC); plus WTC Allen Institute reporter lines (MYL7-GFP, TNNI1-GFP, MYH10-GFP, MYL2-GFP, TTN-GFP, ATP2A2-GFP, ACTB-GFP)","WTC (hiPSC); validated in H9 (hESC), H7 (hESC), IMBA 176/177/178 (hiPSC); plus WTC Allen Institute reporter lines (MYL7-GFP, TNNI1-GFP, MYH10-GFP, MYL2-GFP, TTN-GFP, ATP2A2-GFP, ACTB-GFP)","Flat list implied all lines were used for these arms. p3300: self-assembly was ""robust in the WTC hiPSC line... the widely used hESC lines H9 and H7, as well as in three hiPSC lines"" - WTC is the working line, the rest are validation. All 7 Allen reporters + H9/H7/176-1/177-8/178-5 confirmed in the Key Resources Table, p.e3."
P11_HF_2021_CHIR6,wnt_inhibitor_dose_um,2,5,"p.e5: ""IWP2 (5mM, Tocris, #3533)"". The PDF text layer renders u as m - same layer prints CHIR ""8mM and 4 mM for WTC cells"" (p.e6) where Fig 3C prints ""8 uM CHIR99021"", so mM == uM here. This is the only IWP2 dose in the paper; the 2 most likely came from Fig 3H ""2 uM CHIR99021"" (a WNT re-activation control) or from IWR-1 (1 uM)."
P11_HF_2021_CHIR6,wnt_inhibitor_days,D3-D5,D1.5-D5.5,"Fig 1A timeline (p3300): the ""Wnt inh."" bar starts exactly at the d1.5 tick and ends exactly at the d5.5 tick. p.e5: BFIIWPRa ""for 4 days"" after the 36-40h induction (1.5+4=5.5). Same window drawn in Fig 5F and 5A' (p3307). D3-D5 was a generic monolayer-protocol default."
P11_HF_2021_CHIR6,bmp4,no,yes,"Fig 1A BMP4 bar spans d0->d7.5; p.e5 BMP4 is in FLyABCH (induction), BFIIWPRa (cardiac mesoderm) and BFI (CM specification)."
P11_HF_2021_CHIR6,bmp4_dose_ngml,None,10,"p.e5: BMP4 (10 ng/ml, R&D Systems RD-314-BP-050), same dose at every stage."
P11_HF_2021_CHIR6,activin_a,no,yes,"Fig 1A Activin A bar (d0->d1.5, mesoderm induction only); p.e5 FLyABCH contains Activin A."
P11_HF_2021_CHIR6,activin_dose_ngml,None,50,"p.e5: ""Activin A (50 ng/ml)"". Fig 5F legend (p3308) states ""high activin [50 ng/mL]"" for the intermediate-WNT+VEGF arm. NOT stated per CHIR dose in Fig 3 - 50 is the protocol default; the optimized low-activin ventricular condition uses 4 ng/ml."
P11_HF_2021_CHIR6,ra,no,yes,Fig 1A Retinoic acid bar (d1.5->d5.5); p.e5 BFIIWPRa contains retinoic acid.
P11_HF_2021_CHIR6,ra_dose_um,None,0.5,"p.e5: ""retinoic acid (0.5 mM [=0.5 uM], Sigma Aldrich, #R2625) for 4 days"". Not stated per arm; the paper's optimized ventricular condition instead uses RA50 = 0.05 uM (Fig 1F/1H), so 0.5 is the default-protocol value."
P11_HF_2021_CHIR6,ra_timing_days,None,D1.5-D5.5,"Fig 1A: the RA bar is coincident with the Wnt-inh bar (d1.5->d5.5); p.e5 ""for 4 days"" after the 36-40h induction. RA and IWP2 are both in BFIIWPRa."
P11_HF_2021_CHIR6,seeding_density_cells_per_well,5000,2500,"Fig 3A carries a printed vertical label ""Starting cells: 2500"" (Fig 3D, the BMP-inhibition panel, is labeled 7500). p.e5 layered protocol: ""2500 hPSCs were seeded directly into ultra-low-attachment 96-well plates"". 5000 is the CM-only cardioid protocol of Figs 1-2; 7500 is the KO/BMP-inhibition experiments."
P11_HF_2021_CHIR6,collection_day,15,None,No day-15 timepoint exists in the paper. Every day token: d1.5 d2.5 d3.5 d5 d5.5 d7 d7.5 d8.5 d10 d14 d21 d27. Analysis day for these arms is d7.5 (Fig 3A imaging; Fig 5F/F' FACS); the diameter is a d3.5 cardiac-mesoderm measurement (Fig 3B). Left blank because one arm spans two analysis days - set to 7.5 if the schema needs a single value.
P11_HF_2021_CHIR6,beat_rate_method,calcium_imaging,video,"p.e7: ""videos were analyzed with a published algorithm (Huebsch et al., 2015) to determine contraction velocity and beating rate""; Fig S1H legend says the same. Fluo-4 calcium imaging produced transients/ISI only (Fig S1G). NB: no beat rate is reported for THESE arms - Fig S1H (~48 bpm 3D, ~44.5 bpm 2D) is the CM-only cardioid of Fig 1, so beat_rate_bpm stays blank and this records the paper method only."
P11_HF_2021_CHIR9,cell_line,"WTC (hiPSC), H9 (hESC), H7 (hESC), IMBA 176/177/178 (hiPSC); plus WTC Allen Institute reporter lines (MYL7-GFP, TNNI1-GFP, MYH10-GFP, MYL2-GFP, TTN-GFP, ATP2A2-GFP, ACTB-GFP)","WTC (hiPSC); validated in H9 (hESC), H7 (hESC), IMBA 176/177/178 (hiPSC); plus WTC Allen Institute reporter lines (MYL7-GFP, TNNI1-GFP, MYH10-GFP, MYL2-GFP, TTN-GFP, ATP2A2-GFP, ACTB-GFP)","Flat list implied all lines were used for these arms. p3300: self-assembly was ""robust in the WTC hiPSC line... the widely used hESC lines H9 and H7, as well as in three hiPSC lines"" - WTC is the working line, the rest are validation. All 7 Allen reporters + H9/H7/176-1/177-8/178-5 confirmed in the Key Resources Table, p.e3."
P11_HF_2021_CHIR9,wnt_inhibitor_dose_um,2,5,"p.e5: ""IWP2 (5mM, Tocris, #3533)"". The PDF text layer renders u as m - same layer prints CHIR ""8mM and 4 mM for WTC cells"" (p.e6) where Fig 3C prints ""8 uM CHIR99021"", so mM == uM here. This is the only IWP2 dose in the paper; the 2 most likely came from Fig 3H ""2 uM CHIR99021"" (a WNT re-activation control) or from IWR-1 (1 uM)."
P11_HF_2021_CHIR9,wnt_inhibitor_days,D3-D5,D1.5-D5.5,"Fig 1A timeline (p3300): the ""Wnt inh."" bar starts exactly at the d1.5 tick and ends exactly at the d5.5 tick. p.e5: BFIIWPRa ""for 4 days"" after the 36-40h induction (1.5+4=5.5). Same window drawn in Fig 5F and 5A' (p3307). D3-D5 was a generic monolayer-protocol default."
P11_HF_2021_CHIR9,bmp4,no,yes,"Fig 1A BMP4 bar spans d0->d7.5; p.e5 BMP4 is in FLyABCH (induction), BFIIWPRa (cardiac mesoderm) and BFI (CM specification)."
P11_HF_2021_CHIR9,bmp4_dose_ngml,None,10,"p.e5: BMP4 (10 ng/ml, R&D Systems RD-314-BP-050), same dose at every stage."
P11_HF_2021_CHIR9,activin_a,no,yes,"Fig 1A Activin A bar (d0->d1.5, mesoderm induction only); p.e5 FLyABCH contains Activin A."
P11_HF_2021_CHIR9,activin_dose_ngml,None,50,"p.e5: ""Activin A (50 ng/ml)"". Fig 5F legend (p3308) states ""high activin [50 ng/mL]"" for the intermediate-WNT+VEGF arm. NOT stated per CHIR dose in Fig 3 - 50 is the protocol default; the optimized low-activin ventricular condition uses 4 ng/ml."
P11_HF_2021_CHIR9,ra,no,yes,Fig 1A Retinoic acid bar (d1.5->d5.5); p.e5 BFIIWPRa contains retinoic acid.
P11_HF_2021_CHIR9,ra_dose_um,None,0.5,"p.e5: ""retinoic acid (0.5 mM [=0.5 uM], Sigma Aldrich, #R2625) for 4 days"". Not stated per arm; the paper's optimized ventricular condition instead uses RA50 = 0.05 uM (Fig 1F/1H), so 0.5 is the default-protocol value."
P11_HF_2021_CHIR9,ra_timing_days,None,D1.5-D5.5,"Fig 1A: the RA bar is coincident with the Wnt-inh bar (d1.5->d5.5); p.e5 ""for 4 days"" after the 36-40h induction. RA and IWP2 are both in BFIIWPRa."
P11_HF_2021_CHIR9,seeding_density_cells_per_well,5000,2500,"Fig 3A carries a printed vertical label ""Starting cells: 2500"" (Fig 3D, the BMP-inhibition panel, is labeled 7500). p.e5 layered protocol: ""2500 hPSCs were seeded directly into ultra-low-attachment 96-well plates"". 5000 is the CM-only cardioid protocol of Figs 1-2; 7500 is the KO/BMP-inhibition experiments."
P11_HF_2021_CHIR9,collection_day,15,None,No day-15 timepoint exists in the paper. Every day token: d1.5 d2.5 d3.5 d5 d5.5 d7 d7.5 d8.5 d10 d14 d21 d27. Analysis day for these arms is d7.5 (Fig 3A imaging; Fig 5F/F' FACS); the diameter is a d3.5 cardiac-mesoderm measurement (Fig 3B). Left blank because one arm spans two analysis days - set to 7.5 if the schema needs a single value.
P11_HF_2021_CHIR9,beat_rate_method,calcium_imaging,video,"p.e7: ""videos were analyzed with a published algorithm (Huebsch et al., 2015) to determine contraction velocity and beating rate""; Fig S1H legend says the same. Fluo-4 calcium imaging produced transients/ISI only (Fig S1G). NB: no beat rate is reported for THESE arms - Fig S1H (~48 bpm 3D, ~44.5 bpm 2D) is the CM-only cardioid of Fig 1, so beat_rate_bpm stays blank and this records the paper method only."
P11_HF_2021_VEGF,cell_line,"WTC (hiPSC), H9 (hESC), H7 (hESC), IMBA 176/177/178 (hiPSC); plus WTC Allen Institute reporter lines (MYL7-GFP, TNNI1-GFP, MYH10-GFP, MYL2-GFP, TTN-GFP, ATP2A2-GFP, ACTB-GFP)","WTC (hiPSC); validated in H9 (hESC), H7 (hESC), IMBA 176/177/178 (hiPSC); plus WTC Allen Institute reporter lines (MYL7-GFP, TNNI1-GFP, MYH10-GFP, MYL2-GFP, TTN-GFP, ATP2A2-GFP, ACTB-GFP)","Flat list implied all lines were used for these arms. p3300: self-assembly was ""robust in the WTC hiPSC line... the widely used hESC lines H9 and H7, as well as in three hiPSC lines"" - WTC is the working line, the rest are validation. All 7 Allen reporters + H9/H7/176-1/177-8/178-5 confirmed in the Key Resources Table, p.e3."
P11_HF_2021_VEGF,wnt_inhibitor_dose_um,2,5,"p.e5: ""IWP2 (5mM, Tocris, #3533)"". The PDF text layer renders u as m - same layer prints CHIR ""8mM and 4 mM for WTC cells"" (p.e6) where Fig 3C prints ""8 uM CHIR99021"", so mM == uM here. This is the only IWP2 dose in the paper; the 2 most likely came from Fig 3H ""2 uM CHIR99021"" (a WNT re-activation control) or from IWR-1 (1 uM)."
P11_HF_2021_VEGF,wnt_inhibitor_days,D3-D5,D1.5-D5.5,"Fig 1A timeline (p3300): the ""Wnt inh."" bar starts exactly at the d1.5 tick and ends exactly at the d5.5 tick. p.e5: BFIIWPRa ""for 4 days"" after the 36-40h induction (1.5+4=5.5). Same window drawn in Fig 5F and 5A' (p3307). D3-D5 was a generic monolayer-protocol default."
P11_HF_2021_VEGF,bmp4,no,yes,"Fig 1A BMP4 bar spans d0->d7.5; p.e5 BMP4 is in FLyABCH (induction), BFIIWPRa (cardiac mesoderm) and BFI (CM specification)."
P11_HF_2021_VEGF,bmp4_dose_ngml,None,10,"p.e5: BMP4 (10 ng/ml, R&D Systems RD-314-BP-050), same dose at every stage."
P11_HF_2021_VEGF,activin_a,no,yes,"Fig 1A Activin A bar (d0->d1.5, mesoderm induction only); p.e5 FLyABCH contains Activin A."
P11_HF_2021_VEGF,activin_dose_ngml,None,50,"p.e5: ""Activin A (50 ng/ml)"". Fig 5F legend (p3308) states ""high activin [50 ng/mL]"" for the intermediate-WNT+VEGF arm. NOT stated per CHIR dose in Fig 3 - 50 is the protocol default; the optimized low-activin ventricular condition uses 4 ng/ml."
P11_HF_2021_VEGF,ra,no,yes,Fig 1A Retinoic acid bar (d1.5->d5.5); p.e5 BFIIWPRa contains retinoic acid.
P11_HF_2021_VEGF,ra_dose_um,None,0.5,"p.e5: ""retinoic acid (0.5 mM [=0.5 uM], Sigma Aldrich, #R2625) for 4 days"". Not stated per arm; the paper's optimized ventricular condition instead uses RA50 = 0.05 uM (Fig 1F/1H), so 0.5 is the default-protocol value."
P11_HF_2021_VEGF,ra_timing_days,None,D1.5-D5.5,"Fig 1A: the RA bar is coincident with the Wnt-inh bar (d1.5->d5.5); p.e5 ""for 4 days"" after the 36-40h induction. RA and IWP2 are both in BFIIWPRa."
P11_HF_2021_VEGF,seeding_density_cells_per_well,5000,2500,"Fig 3A carries a printed vertical label ""Starting cells: 2500"" (Fig 3D, the BMP-inhibition panel, is labeled 7500). p.e5 layered protocol: ""2500 hPSCs were seeded directly into ultra-low-attachment 96-well plates"". 5000 is the CM-only cardioid protocol of Figs 1-2; 7500 is the KO/BMP-inhibition experiments."
P11_HF_2021_VEGF,collection_day,15,None,No day-15 timepoint exists in the paper. Every day token: d1.5 d2.5 d3.5 d5 d5.5 d7 d7.5 d8.5 d10 d14 d21 d27. Analysis day for these arms is d7.5 (Fig 3A imaging; Fig 5F/F' FACS); the diameter is a d3.5 cardiac-mesoderm measurement (Fig 3B). Left blank because one arm spans two analysis days - set to 7.5 if the schema needs a single value.
P11_HF_2021_VEGF,beat_rate_method,calcium_imaging,video,"p.e7: ""videos were analyzed with a published algorithm (Huebsch et al., 2015) to determine contraction velocity and beating rate""; Fig S1H legend says the same. Fluo-4 calcium imaging produced transients/ISI only (Fig S1G). NB: no beat rate is reported for THESE arms - Fig S1H (~48 bpm 3D, ~44.5 bpm 2D) is the CM-only cardioid of Fig 1, so beat_rate_bpm stays blank and this records the paper method only."
P11_HF_2021_CHIR4,cm_fraction_pct,30,None,"Removed: the paper contains NO CM-fraction quantification per CHIR dose. Fig 3A is MYL7-GFP images only (no bar graph, no percentages); Fig 3B quantifies diameter, not CM%. The only CM fractions in the paper are ~90% TNNI1-GFP+ for the standard cardioid protocol (Fig 1D, representative plot 89.9%) and 41.07% MYL7-GFP+ in the +VEGF arm (Fig 5F'). CONSEQUENCE: this arm loses its yield and drops out of construct_comparability=1 (reason 'eligible yield')."
P11_HF_2021_CHIR4,chamber_area_pct,~5,None,"Removed: no per-CHIR cavity-area quantification exists. Fig 3 has no cavity-area panel. The paper's only 'cavity area as % of cardioid area' figure is Fig 4E (p3306): WT ~25% vs HAND1 KO ~10%, H9 line at CHIR 3 uM, d3.5 - a different experiment, and the removed values match neither."
P11_HF_2021_CHIR5,cm_fraction_pct,75,None,"Removed: the paper contains NO CM-fraction quantification per CHIR dose. Fig 3A is MYL7-GFP images only (no bar graph, no percentages); Fig 3B quantifies diameter, not CM%. The only CM fractions in the paper are ~90% TNNI1-GFP+ for the standard cardioid protocol (Fig 1D, representative plot 89.9%) and 41.07% MYL7-GFP+ in the +VEGF arm (Fig 5F'). CONSEQUENCE: this arm loses its yield and drops out of construct_comparability=1 (reason 'eligible yield')."
P11_HF_2021_CHIR5,chamber_area_pct,20,None,"Removed: no per-CHIR cavity-area quantification exists. Fig 3 has no cavity-area panel. The paper's only 'cavity area as % of cardioid area' figure is Fig 4E (p3306): WT ~25% vs HAND1 KO ~10%, H9 line at CHIR 3 uM, d3.5 - a different experiment, and the removed values match neither."
P11_HF_2021_CHIR6,cm_fraction_pct,89,None,"Removed: the paper contains NO CM-fraction quantification per CHIR dose. Fig 3A is MYL7-GFP images only (no bar graph, no percentages); Fig 3B quantifies diameter, not CM%. The only CM fractions in the paper are ~90% TNNI1-GFP+ for the standard cardioid protocol (Fig 1D, representative plot 89.9%) and 41.07% MYL7-GFP+ in the +VEGF arm (Fig 5F'). CONSEQUENCE: this arm loses its yield and drops out of construct_comparability=1 (reason 'eligible yield'). The 89 on CHIR6 is traceable to Fig 1D's 89.9% but that is the standard protocol, not the 6 uM dose."
P11_HF_2021_CHIR6,chamber_area_pct,~30,None,"Removed: no per-CHIR cavity-area quantification exists. Fig 3 has no cavity-area panel. The paper's only 'cavity area as % of cardioid area' figure is Fig 4E (p3306): WT ~25% vs HAND1 KO ~10%, H9 line at CHIR 3 uM, d3.5 - a different experiment, and the removed values match neither."
P11_HF_2021_CHIR9,cm_fraction_pct,40,None,"Removed: the paper contains NO CM-fraction quantification per CHIR dose. Fig 3A is MYL7-GFP images only (no bar graph, no percentages); Fig 3B quantifies diameter, not CM%. The only CM fractions in the paper are ~90% TNNI1-GFP+ for the standard cardioid protocol (Fig 1D, representative plot 89.9%) and 41.07% MYL7-GFP+ in the +VEGF arm (Fig 5F'). CONSEQUENCE: this arm loses its yield and drops out of construct_comparability=1 (reason 'eligible yield')."
P11_HF_2021_CHIR9,chamber_area_pct,10,None,"Removed: no per-CHIR cavity-area quantification exists. Fig 3 has no cavity-area panel. The paper's only 'cavity area as % of cardioid area' figure is Fig 4E (p3306): WT ~25% vs HAND1 KO ~10%, H9 line at CHIR 3 uM, d3.5 - a different experiment, and the removed values match neither."
P11_HF_2021_VEGF,ec_marker,CD31_NKX25,CDH5,"The 53% is CDH5-dTomato by FACS, not CD31 and never NKX2-5. Fig 5F' (p3307) labels the bar ""EC-Tomato 53.2% +/- 1.1""; Fig S4D legend: ""MYL7-GFP/CDH5-Tomato iPSC (WTC) line""; text p3310: ""41% (MYL7+) to 53% (CDH5+)"". PECAM1/CD31 appears only as an immunostain, and NKX2-5 is never used as an EC marker in this paper."
P11_HF_2021_CHIR4,cm_fraction_pct,30,NR,"blinded second annotation (codebook v1.0) + source re-check; adjudicated: no numeric CM fraction is reported for any CHIR dose arm. The only CM percentages in the paper are 90% (2D monolayer, cited from prior work) and 41% MYL7+ / 53% CDH5+ (VEGF arm, Fig 5F). The prior value was estimated from representative images."
P11_HF_2021_CHIR5,cm_fraction_pct,75,NR,blinded second annotation (codebook v1.0) + source re-check; adjudicated: no numeric CM fraction reported for this arm; see CHIR4.
P11_HF_2021_CHIR6,cm_fraction_pct,89,NR,"blinded second annotation (codebook v1.0) + source re-check; adjudicated: no numeric CM fraction reported; the 41.07% value belongs to the separate VEGF arm, not CHIR6."
P11_HF_2021_CHIR9,cm_fraction_pct,40,NR,blinded second annotation (codebook v1.0) + source re-check; adjudicated: the paper states the highest WNT dose gave cavity formation without CM specification; no numeric fraction is reported.
P11_HF_2021_CHIR4,cm_fraction_method,reporter_GFP,NR,blinded second annotation (codebook v1.0) + source re-check; adjudicated: MYL7-GFP imaging is qualitative for these arms; no cell-fraction assay is reported.
P11_HF_2021_CHIR5,cm_fraction_method,reporter_GFP,NR,blinded second annotation (codebook v1.0) + source re-check; adjudicated: as CHIR4.
P11_HF_2021_CHIR6,cm_fraction_method,reporter_GFP,NR,blinded second annotation (codebook v1.0) + source re-check; adjudicated: as CHIR4.
P11_HF_2021_CHIR9,cm_fraction_method,reporter_GFP,NR,blinded second annotation (codebook v1.0) + source re-check; adjudicated: as CHIR4.
P10_FE_2022_RA_neg,cm_fraction_pct,NR,27.2,"blinded second annotation (codebook v1.0) + source re-check; adjudicated: recovered from Supplementary Fig. 1b (flow cytometry, ACTN2-eGFP+). The paper prints three replicates (30.8 / 29.1 / 21.6) and no aggregate; the recorded value is their mean."
P10_FE_2022_RA_pos,cm_fraction_pct,NR,18.2,"blinded second annotation (codebook v1.0) + source re-check; adjudicated: recovered from Supplementary Fig. 1b; replicates 11.4 / 31.5 / 11.8, recorded value is their mean."
P10_FE_2022_RA_neg,cm_fraction_method,NR,flow,"blinded second annotation (codebook v1.0) + source re-check; adjudicated: Cardiomyocyte percentages in organoids were quantified with flow cytometry, using ACTN2-eGFP expression."
P10_FE_2022_RA_pos,cm_fraction_method,NR,flow,blinded second annotation (codebook v1.0) + source re-check; adjudicated: as RA_neg.
P10_FE_2022_RA_neg,construct_comparability,0,1,blinded second annotation (codebook v1.0) + source re-check; adjudicated: ACTN2-eGFP is a pan-CM readout; the regional_identity_spec axis requires a subtype fraction to be the reported quantity.
P10_FE_2022_RA_pos,construct_comparability,0,1,blinded second annotation (codebook v1.0) + source re-check; adjudicated: pan-CM ACTN2-eGFP readout under an atrial-directed protocol; the subtype axis does not apply.
P215_ZHOU_2023_1,construct_comparability,0,1,"blinded second annotation (codebook v1.0) + source re-check; adjudicated: in-place-differentiated suspension organoid with a labelled TNNT2/MYH6 double-positive flow gate (78.1%, Fig 2F); the prior construct-scope exclusion was over-broad."
P04_ER_2022_3D_D50,construct_comparability,1,0,"blinded second annotation (codebook v1.0) + source re-check; adjudicated: the monolayer was differentiated to day 15, then dissociated and reaggregated, so the CMs are a seeded input rather than an in-place differentiation yield."
P11_HF_2021_CHIR4,construct_comparability,1,0,blinded second annotation (codebook v1.0) + source re-check; adjudicated: no numeric CM fraction reported.
P11_HF_2021_CHIR5,construct_comparability,1,0,blinded second annotation (codebook v1.0) + source re-check; adjudicated: no numeric CM fraction reported.
P11_HF_2021_CHIR6,construct_comparability,1,0,blinded second annotation (codebook v1.0) + source re-check; adjudicated: no numeric CM fraction reported.
P11_HF_2021_CHIR9,construct_comparability,1,0,blinded second annotation (codebook v1.0) + source re-check; adjudicated: no numeric CM fraction reported.
P15_SO_2021_CM,construct_comparability,1,0,"blinded second annotation (codebook v1.0) + source re-check; adjudicated: CM-CO is reaggregated from day-11 pre-differentiated cardiomyocytes, a seeded input. The sibling CMC-CO arm, built from day-4 cardiac mesoderm that differentiates in the construct, remains comparable."
P267_ZHANG_2022_2,construct_comparability,1,0,"blinded second annotation (codebook v1.0) + source re-check; adjudicated: MCO_Mix is assembled from separately differentiated CM, EC and SMC populations at a 2:1:1 ratio."
P268_KNZEL_2022_1,construct_comparability,1,0,"blinded second annotation (codebook v1.0) + source re-check; adjudicated: the organoid self-assembles after 14 days of 2D cardiac differentiation, so the CMs are seeded rather than differentiated in place."
P04_ER_2022_3D_D85,construct_failure_axis,not_primary,defined_input_ratio,blinded second annotation (codebook v1.0) + source re-check; adjudicated: same construct as the D50 arm; no day-85 CM fraction is reported.
P06_HO_2021_RA_toxic,construct_failure_axis,toxicant_perturbation,substrate_2D_denominator,blinded second annotation (codebook v1.0) + source re-check; adjudicated: the frozen priority order places the substrate/denominator axis above toxicant perturbation.
P25_RI_2020_infarct,construct_failure_axis,disease_or_KO,defined_input_ratio,blinded second annotation (codebook v1.0) + source re-check; adjudicated: a 50% hiPSC-CM / 50% non-myocyte assembly input; the input-ratio axis outranks disease in the frozen priority order.
P223_ZHANG_2026_1,construct_failure_axis,none,regional_identity_spec,"blinded second annotation (codebook v1.0) + source re-check; adjudicated: SHOX2+ cTnT+ is a sinoatrial-node subtype fraction, not a pan-CM yield."
P223_ZHANG_2026_2,construct_failure_axis,none,regional_identity_spec,blinded second annotation (codebook v1.0) + source re-check; adjudicated: SHOX2+ cTnT+ subtype fraction.
P223_ZHANG_2026_3,construct_failure_axis,none,regional_identity_spec,blinded second annotation (codebook v1.0) + source re-check; adjudicated: SHOX2+ cTnT+ subtype fraction.
P57_SILVER_2023_2,construct_failure_axis,toxicant_perturbation,no_value_reported,blinded second annotation (codebook v1.0) + source re-check; adjudicated: the paper reports cardiac marker expression by ddPCR and Western blot but no CM cell fraction.
CODEBOOK,failure_axis,not defined,no_value_reported,Codebook v1.1: the blinded annotation identified arms in an eligible construct that report no numeric CM fraction and therefore matched no existing failure axis. A new primary code was added; it applies to the four P11 CHIR arms and P57.
P17_KO_2024_PGDHO,construct_comparability,0,0,"blinded second annotation (codebook v1.0) + source re-check; adjudicated: the annotator proposed comparable because an isogenic control exists in the dataset. Original retained: the reported 20% is the disease effect itself (the main effects of PGD were a significant decrease in CMs), not a protocol yield."
P02_BR_2022_RA_only,construct_comparability,0,0,"blinded second annotation (codebook v1.0) + source re-check; adjudicated: the annotator proposed comparable. Original retained: the arm is a PE-induction condition whose intended output is epicardial, consistent with the sibling PE arm."
